Workbook

Sheet Subset_step1_Area>100
A1: ProviderNa | B1: Organizati | C1: Organiza_1 | D1: Monitoring | E1: Monitori_1 | F1: Monitori_2 | G1: ResolvedMo | H1: HUCEightDi | I1: siteUrl | J1: activityCo | K1: resultCoun | L1: StateName | M1: CountyName | N1: lat | O1: lon | P1: Country | Q1: Type | R1: NameEn | S1: AreaSqKm
A2: STORET | B2: 1VTDECWQ | C2: Vermont Dept of Environmental Conservation | D2: 1VTDECWQ-500458 | E2: Main Section - Lake Champlain | F2: Lake | G2: Lake, Reservoir, Impoundment | H2: 4150408 | I2: https://www.waterqualitydata.us/provider/STORET/1VTDECWQ/1VTDECWQ-500458/ | J2: 3192 | K2: 3192 | L2: New York | M2: Essex County | N2: 44.4711 | O2: -73.2992 | P2: USA-CAN | Q2: Lake / Lago / Lac | R2: Lake Champlain | S2: 1117.76
A3: STORET | B3: 1VTDECWQ | C3: Vermont Dept of Environmental Conservation | D3: 1VTDECWQ-503485 | E3: Northeast Arm - Lake Champlain | F3: Lake | G3: Lake, Reservoir, Impoundment | H3: 4150408 | I3: https://www.waterqualitydata.us/provider/STORET/1VTDECWQ/1VTDECWQ-503485/ | J3: 3028 | K3: 3028 | L3: Vermont | M3: Chittenden County | N3: 44.7081 | O3: -73.2269 | P3: USA-CAN | Q3: Lake / Lago / Lac | R3: Lake Champlain | S3: 1117.76
A4: STORET | B4: 1VTDECWQ | C4: Vermont Dept of Environmental Conservation | D4: 1VTDECWQ-500470 | E4: Isle La Motte - Lake Champlain | F4: Lake | G4: Lake, Reservoir, Impoundment | H4: 4150408 | I4: https://www.waterqualitydata.us/provider/STORET/1VTDECWQ/1VTDECWQ-500470/ | J4: 2958 | K4: 2958 | L4: New York | M4: Clinton County | N4: 44.7561 | O4: -73.355 | P4: USA-CAN | Q4: Lake / Lago / Lac | R4: Lake Champlain | S4: 1117.76
A5: STORET | B5: 1VTDECWQ | C5: Vermont Dept of Environmental Conservation | D5: 1VTDECWQ-500451 | E5: Otter Creek Section - Lake Champlain | F5: Lake | G5: Lake, Reservoir, Impoundment | H5: 4150408 | I5: https://www.waterqualitydata.us/provider/STORET/1VTDECWQ/1VTDECWQ-500451/ | J5: 2890 | K5: 2890 | L5: Vermont | M5: Addison County | N5: 44.2422 | O5: -73.3292 | P5: USA-CAN | Q5: Lake / Lago / Lac | R5: Lake Champlain | S5: 1117.76
A6: STORET | B6: 1VTDECWQ | C6: Vermont Dept of Environmental Conservation | D6: 1VTDECWQ-500449 | E6: Port Henry Section - Lake Champlain | F6: Lake | G6: Lake, Reservoir, Impoundment | H6: 4150408 | I6: https://www.waterqualitydata.us/provider/STORET/1VTDECWQ/1VTDECWQ-500449/ | J6: 2840 | K6: 2840 | L6: Vermont | M6: Addison County | N6: 44.1261 | O6: -73.4128 | P6: USA-CAN | Q6: Lake / Lago / Lac | R6: Lake Champlain | S6: 1117.76
A7: STORET | B7: 1VTDECWQ | C7: Vermont Dept of Environmental Conservation | D7: 1VTDECWQ-503519 | E7: Malletts Bay - Lake Champlain | F7: Lake | G7: Lake, Reservoir, Impoundment | H7: 4150408 | I7: https://www.waterqualitydata.us/provider/STORET/1VTDECWQ/1VTDECWQ-503519/ | J7: 2785 | K7: 2785 | L7: Vermont | M7: Chittenden County | N7: 44.5819 | O7: -73.2811 | P7: USA-CAN | Q7: Lake / Lago / Lac | R7: Lake Champlain | S7: 1117.76
A8: STORET | B8: 1VTDECWQ | C8: Vermont Dept of Environmental Conservation | D8: 1VTDECWQ-503506 | E8: Shelburne Bay - Lake Champlain | F8: Lake | G8: Lake, Reservoir, Impoundment | H8: 4150408 | I8: https://www.waterqualitydata.us/provider/STORET/1VTDECWQ/1VTDECWQ-503506/ | J8: 1878 | K8: 1878 | L8: Vermont | M8: Chittenden County | N8: 44.4258 | O8: -73.2319 | P8: USA-CAN | Q8: Lake / Lago / Lac | R8: Lake Champlain | S8: 1117.76
A9: STORET | B9: 1VTDECWQ | C9: Vermont Dept of Environmental Conservation | D9: 1VTDECWQ-500459 | E9: Burlington Bay - Lake Champlain | F9: Lake | G9: Lake, Reservoir, Impoundment | H9: 4150408 | I9: https://www.waterqualitydata.us/provider/STORET/1VTDECWQ/1VTDECWQ-500459/ | J9: 1611 | K9: 1611 | L9: Vermont | M9: Chittenden County | N9: 44.4747 | O9: -73.2317 | P9: USA-CAN | Q9: Lake / Lago / Lac | R9: Lake Champlain | S9: 1117.76
A10: STORET | B10: 1VTDECWQ | C10: Vermont Dept of Environmental Conservation | D10: 1VTDECWQ-503288 | E10: Southern Section - Lake Champlain | F10: Lake | G10: Lake, Reservoir, Impoundment | H10: 4150408 | I10: https://www.waterqualitydata.us/provider/STORET/1VTDECWQ/1VTDECWQ-503288/ | J10: 1214 | K10: 1214 | L10: New York | M10: Essex County | N10: 43.9517 | O10: -73.4078 | P10: USA-CAN | Q10: Lake / Lago / Lac | R10: Lake Champlain | S10: 1117.76
A11: STORET | B11: 1VTDECWQ | C11: Vermont Dept of Environmental Conservation | D11: 1VTDECWQ-500468 | E11: Main Section - Lake Champlain | F11: Lake | G11: Lake, Reservoir, Impoundment | H11: 4150408 | I11: https://www.waterqualitydata.us/provider/STORET/1VTDECWQ/1VTDECWQ-500468/ | J11: 1015 | K11: 1015 | L11: New York | M11: Clinton County | N11: 44.7011 | O11: -73.4181 | P11: USA-CAN | Q11: Lake / Lago / Lac | R11: Lake Champlain | S11: 1117.76
A12: STORET | B12: WI_MMSD | C12: Milwaukee Metropolitan Sewerage District | D12: WI_MMSD-OH-03 | E12: Milwaukee Harbor at Main Shipping Channel | F12: Great Lake | G12: Lake, Reservoir, Impoundment | H12: 4060200 | I12: https://www.waterqualitydata.us/provider/STORET/WI_MMSD/WI_MMSD-OH-03/ | J12: 1004 | K12: 1004 | L12: Wisconsin | M12: Milwaukee County | N12: 43.026167 | O12: -87.888833 | P12: USA | Q12: Lake / Lago / Lac | R12: Lake Michigan | S12: 52823.5
A13: STORET | B13: 1VTDECWQ | C13: Vermont Dept of Environmental Conservation | D13: 1VTDECWQ-503535 | E13: Isle La Motte - Lake Champlain | F13: Lake | G13: Lake, Reservoir, Impoundment | H13: 4150408 | I13: https://www.waterqualitydata.us/provider/STORET/1VTDECWQ/1VTDECWQ-503535/ | J13: 982 | K13: 982 | L13: New York | M13: Clinton County | N13: 44.9483 | O13: -73.34 | P13: USA-CAN | Q13: Lake / Lago / Lac | R13: Lake Champlain | S13: 1117.76
... A448: NWIS | B448: USGS-AR | C448: USGS Arkansas Water Science Center | D448: USGS-07075627 | E448: Greers Ferry Lake nr Greers Ferry, AR | F448: Lake, Reservoir, Impoundment | G448: Lake, Reservoir, Impoundment | H448: 11010014 | I448: https://www.waterqualitydata.us/provider/NWIS/USGS-AR/USGS-07075627/ | J448: 30 | K448: 30 | L448: Arkansas | M448: Cleburne County | N448: 35.596028 | O448: -92.168028 | P448: USA | Q448: Lake / Lago / Lac | R448: Greers Ferry Lake | S448: 119.297

Sheet Stats for Subset1
A1: Type | B1: NameEn | C1: StateName | D1: Country | E1: AreaSqKm | F1: Number of Stations
A2: Lake / Lago / Lac | B2: Lake Superior | C2: Michigan | D2: USA-CAN | E2: 81837.1 | F2: =COUNTIF('Subset_step1_Area>100'!$R$2:$R$448,B2) -> 15 | H2: Water Bodies | I2: 57
A3: Lake / Lago / Lac | B3: Lake Michigan | C3: Wisconsin | D3: USA | E3: 52823.5 | F3: =COUNTIF('Subset_step1_Area>100'!$R$2:$R$448,B3) -> 47 | H3: Transboundary Water Bodies | I3: =57-COUNTIF(D2:D58,"USA") -> 8
A4: Lake / Lago / Lac | B4: Lake Huron | C4: Michigan | D4: USA-CAN | E4: 42496.7 | F4: =COUNTIF('Subset_step1_Area>100'!$R$2:$R$448,B4) -> 11 | H4: States | I4: 23
A5: Lake / Lago / Lac | B5: Lake Erie | C5: Ohio | D5: USA-CAN | E5: 25718.8 | F5: =COUNTIF('Subset_step1_Area>100'!$R$2:$R$448,B5) -> 10
A6: Lake / Lago / Lac | B6: Lake Ontario | C6: New York | D6: USA-CAN | E6: 18934.7 | F6: =COUNTIF('Subset_step1_Area>100'!$R$2:$R$448,B6) -> 3
A7: Lake / Lago / Lac | B7: Great Salt Lake | C7: Utah | D7: USA | E7: 4443.97 | F7: =COUNTIF('Subset_step1_Area>100'!$R$2:$R$448,B7) -> 4
A8: Lake / Lago / Lac | B8: Lake Huron (Saginaw Bay) | C8: Michigan | D8: USA | E8: 2976.93 | F8: =COUNTIF('Subset_step1_Area>100'!$R$2:$R$448,B8) -> 15
A9: Lake / Lago / Lac | B9: Lake Pontchartrain | C9: Louisiana | D9: USA | E9: 1639.9 | F9: =COUNTIF('Subset_step1_Area>100'!$R$2:$R$448,B9) -> 3
A10: Lake / Lago / Lac | B10: Lake Okeechobee | C10: Florida | D10: USA | E10: 1470.65 | F10: =COUNTIF('Subset_step1_Area>100'!$R$2:$R$448,B10) -> 30
A11: Lake / Lago / Lac | B11: Lake Oahe | C11: South Dakota | D11: USA | E11: 1285.24 | F11: =COUNTIF('Subset_step1_Area>100'!$R$2:$R$448,B11) -> 5
A12: Lake / Lago / Lac | B12: Lake Sakakawea | C12: North Dakota | D12: USA | E12: 1214.02 | F12: =COUNTIF('Subset_step1_Area>100'!$R$2:$R$448,B12) -> 19
A13: Lake / Lago / Lac | B13: Lake Champlain | C13: New York | D13: USA-CAN | E13: 1117.76 | F13: =COUNTIF('Subset_step1_Area>100'!$R$2:$R$448,B13) -> 32
A14: Lake / Lago / Lac | B14: Fort Peck Lake | C14: Montana | D14: USA | E14: 912.181 | F14: =COUNTIF('Subset_step1_Area>100'!$R$2:$R$448,B14) -> 3
A15: Lake / Lago / Lac | B15: Lake Michigan (Grand Traverse Bay) | C15: Michigan | D15: USA | E15: 735.794 | F15: =COUNTIF('Subset_step1_Area>100'!$R$2:$R$448,B15) -> 4
A16: Lake / Lago / Lac | B16: Lower Red Lake | C16: Minnesota | D16: USA | E16: 663.312 | F16: =COUNTIF('Subset_step1_Area>100'!$R$2:$R$448,B16) -> 5
... A58: Lake / Lago / Lac | B58: Caddo Lake | C58: Texas | D58: USA | E58: 103.467 | F58: =COUNTIF('Subset_step1_Area>100'!$R$2:$R$448,B58) -> 2

Sheet Subset_step2_activity>100
A1: ProviderNa | B1: Organizati | C1: Organiza_1 | D1: Monitoring | E1: Monitori_1 | F1: Monitori_2 | G1: ResolvedMo | H1: HUCEightDi | I1: siteUrl | J1: activityCo | K1: resultCoun | L1: StateName | M1: CountyName | N1: lat | O1: lon | P1: Country | Q1: Type | R1: NameEn | S1: AreaSqKm
A2: STORET | B2: 1VTDECWQ | C2: Vermont Dept of Environmental Conservation | D2: 1VTDECWQ-500458 | E2: Main Section - Lake Champlain | F2: Lake | G2: Lake, Reservoir, Impoundment | H2: 4150408 | I2: https://www.waterqualitydata.us/provider/STORET/1VTDECWQ/1VTDECWQ-500458/ | J2: 3192 | K2: 3192 | L2: New York | M2: Essex County | N2: 44.4711 | O2: -73.2992 | P2: USA-CAN | Q2: Lake / Lago / Lac | R2: Lake Champlain | S2: 1117.76
A3: STORET | B3: 1VTDECWQ | C3: Vermont Dept of Environmental Conservation | D3: 1VTDECWQ-503485 | E3: Northeast Arm - Lake Champlain | F3: Lake | G3: Lake, Reservoir, Impoundment | H3: 4150408 | I3: https://www.waterqualitydata.us/provider/STORET/1VTDECWQ/1VTDECWQ-503485/ | J3: 3028 | K3: 3028 | L3: Vermont | M3: Chittenden County | N3: 44.7081 | O3: -73.2269 | P3: USA-CAN | Q3: Lake / Lago / Lac | R3: Lake Champlain | S3: 1117.76
A4: STORET | B4: 1VTDECWQ | C4: Vermont Dept of Environmental Conservation | D4: 1VTDECWQ-500470 | E4: Isle La Motte - Lake Champlain | F4: Lake | G4: Lake, Reservoir, Impoundment | H4: 4150408 | I4: https://www.waterqualitydata.us/provider/STORET/1VTDECWQ/1VTDECWQ-500470/ | J4: 2958 | K4: 2958 | L4: New York | M4: Clinton County | N4: 44.7561 | O4: -73.355 | P4: USA-CAN | Q4: Lake / Lago / Lac | R4: Lake Champlain | S4: 1117.76
A5: STORET | B5: 1VTDECWQ | C5: Vermont Dept of Environmental Conservation | D5: 1VTDECWQ-500451 | E5: Otter Creek Section - Lake Champlain | F5: Lake | G5: Lake, Reservoir, Impoundment | H5: 4150408 | I5: https://www.waterqualitydata.us/provider/STORET/1VTDECWQ/1VTDECWQ-500451/ | J5: 2890 | K5: 2890 | L5: Vermont | M5: Addison County | N5: 44.2422 | O5: -73.3292 | P5: USA-CAN | Q5: Lake / Lago / Lac | R5: Lake Champlain | S5: 1117.76
A6: STORET | B6: 1VTDECWQ | C6: Vermont Dept of Environmental Conservation | D6: 1VTDECWQ-500449 | E6: Port Henry Section - Lake Champlain | F6: Lake | G6: Lake, Reservoir, Impoundment | H6: 4150408 | I6: https://www.waterqualitydata.us/provider/STORET/1VTDECWQ/1VTDECWQ-500449/ | J6: 2840 | K6: 2840 | L6: Vermont | M6: Addison County | N6: 44.1261 | O6: -73.4128 | P6: USA-CAN | Q6: Lake / Lago / Lac | R6: Lake Champlain | S6: 1117.76
A7: STORET | B7: 1VTDECWQ | C7: Vermont Dept of Environmental Conservation | D7: 1VTDECWQ-503519 | E7: Malletts Bay - Lake Champlain | F7: Lake | G7: Lake, Reservoir, Impoundment | H7: 4150408 | I7: https://www.waterqualitydata.us/provider/STORET/1VTDECWQ/1VTDECWQ-503519/ | J7: 2785 | K7: 2785 | L7: Vermont | M7: Chittenden County | N7: 44.5819 | O7: -73.2811 | P7: USA-CAN | Q7: Lake / Lago / Lac | R7: Lake Champlain | S7: 1117.76
A8: STORET | B8: 1VTDECWQ | C8: Vermont Dept of Environmental Conservation | D8: 1VTDECWQ-503506 | E8: Shelburne Bay - Lake Champlain | F8: Lake | G8: Lake, Reservoir, Impoundment | H8: 4150408 | I8: https://www.waterqualitydata.us/provider/STORET/1VTDECWQ/1VTDECWQ-503506/ | J8: 1878 | K8: 1878 | L8: Vermont | M8: Chittenden County | N8: 44.4258 | O8: -73.2319 | P8: USA-CAN | Q8: Lake / Lago / Lac | R8: Lake Champlain | S8: 1117.76
A9: STORET | B9: 1VTDECWQ | C9: Vermont Dept of Environmental Conservation | D9: 1VTDECWQ-500459 | E9: Burlington Bay - Lake Champlain | F9: Lake | G9: Lake, Reservoir, Impoundment | H9: 4150408 | I9: https://www.waterqualitydata.us/provider/STORET/1VTDECWQ/1VTDECWQ-500459/ | J9: 1611 | K9: 1611 | L9: Vermont | M9: Chittenden County | N9: 44.4747 | O9: -73.2317 | P9: USA-CAN | Q9: Lake / Lago / Lac | R9: Lake Champlain | S9: 1117.76
A10: STORET | B10: 1VTDECWQ | C10: Vermont Dept of Environmental Conservation | D10: 1VTDECWQ-503288 | E10: Southern Section - Lake Champlain | F10: Lake | G10: Lake, Reservoir, Impoundment | H10: 4150408 | I10: https://www.waterqualitydata.us/provider/STORET/1VTDECWQ/1VTDECWQ-503288/ | J10: 1214 | K10: 1214 | L10: New York | M10: Essex County | N10: 43.9517 | O10: -73.4078 | P10: USA-CAN | Q10: Lake / Lago / Lac | R10: Lake Champlain | S10: 1117.76
A11: STORET | B11: 1VTDECWQ | C11: Vermont Dept of Environmental Conservation | D11: 1VTDECWQ-500468 | E11: Main Section - Lake Champlain | F11: Lake | G11: Lake, Reservoir, Impoundment | H11: 4150408 | I11: https://www.waterqualitydata.us/provider/STORET/1VTDECWQ/1VTDECWQ-500468/ | J11: 1015 | K11: 1015 | L11: New York | M11: Clinton County | N11: 44.7011 | O11: -73.4181 | P11: USA-CAN | Q11: Lake / Lago / Lac | R11: Lake Champlain | S11: 1117.76
A12: STORET | B12: WI_MMSD | C12: Milwaukee Metropolitan Sewerage District | D12: WI_MMSD-OH-03 | E12: Milwaukee Harbor at Main Shipping Channel | F12: Great Lake | G12: Lake, Reservoir, Impoundment | H12: 4060200 | I12: https://www.waterqualitydata.us/provider/STORET/WI_MMSD/WI_MMSD-OH-03/ | J12: 1004 | K12: 1004 | L12: Wisconsin | M12: Milwaukee County | N12: 43.026167 | O12: -87.888833 | P12: USA | Q12: Lake / Lago / Lac | R12: Lake Michigan | S12: 52823.5
A13: STORET | B13: 1VTDECWQ | C13: Vermont Dept of Environmental Conservation | D13: 1VTDECWQ-503535 | E13: Isle La Motte - Lake Champlain | F13: Lake | G13: Lake, Reservoir, Impoundment | H13: 4150408 | I13: https://www.waterqualitydata.us/provider/STORET/1VTDECWQ/1VTDECWQ-503535/ | J13: 982 | K13: 982 | L13: New York | M13: Clinton County | N13: 44.9483 | O13: -73.34 | P13: USA-CAN | Q13: Lake / Lago / Lac | R13: Lake Champlain | S13: 1117.76
... A172: STORET | B172: 21FLSFWM | C172: South Florida Water Management District | D172: 21FLSFWM-RITAEAST | E172: EAST SIDE OF RITTA ISLAND NEAR OUTER BOAT CHANNEL MARKER | F172: Lake | G172: Lake, Reservoir, Impoundment | H172: 3090201 | I172: https://www.waterqualitydata.us/provider/STORET/21FLSFWM/21FLSFWM-RITAEAST/ | J172: 102 | K172: 210 | L172: Florida | M172: Palm Beach County | N172: 26.716196 | O172: -80.787349 | P172: USA | Q172: Lake / Lago / Lac | R172: Lake Okeechobee | S172: 1470.65

Sheet Stats for Subset2
A1: Type | B1: NameEn | C1: StateName | D1: Country | E1: AreaSqKm | F1: Number of Stations
A2: Lake / Lago / Lac | B2: Lake Superior | C2: Michigan | D2: USA-CAN | E2: 81837.1 | F2: =COUNTIF('Subset_step2_activity>100'!$R$2:$R$448,B2) -> 13 | H2: Water Bodies | I2: 20
A3: Lake / Lago / Lac | B3: Lake Michigan | C3: Wisconsin | D3: USA | E3: 52823.5 | F3: =COUNTIF('Subset_step2_activity>100'!$R$2:$R$448,B3) -> 42 | H3: Transboundary Water Bodies | I3: =20-COUNTIF(D2:D21,"USA") -> 5
A4: Lake / Lago / Lac | B4: Lake Huron | C4: Michigan | D4: USA-CAN | E4: 42496.7 | F4: =COUNTIF('Subset_step2_activity>100'!$R$2:$R$448,B4) -> 9 | H4: States | I4: 12
A5: Lake / Lago / Lac | B5: Lake Erie | C5: Ohio | D5: USA-CAN | E5: 25718.8 | F5: =COUNTIF('Subset_step2_activity>100'!$R$2:$R$448,B5) -> 9
A6: Lake / Lago / Lac | B6: Lake Ontario | C6: New York | D6: USA-CAN | E6: 18934.7 | F6: =COUNTIF('Subset_step2_activity>100'!$R$2:$R$448,B6) -> 3
A7: Lake / Lago / Lac | B7: Lake Huron (Saginaw Bay) | C7: Michigan | D7: USA | E7: 2976.93 | F7: =COUNTIF('Subset_step2_activity>100'!$R$2:$R$448,B7) -> 7
A8: Lake / Lago / Lac | B8: Lake Okeechobee | C8: Florida | D8: USA | E8: 1470.65 | F8: =COUNTIF('Subset_step2_activity>100'!$R$2:$R$448,B8) -> 16
A9: Lake / Lago / Lac | B9: Lake Champlain | C9: New York | D9: USA-CAN | E9: 1117.76 | F9: =COUNTIF('Subset_step2_activity>100'!$R$2:$R$448,B9) -> 31
A10: Reservoir / Embalse / Reservoir | B10: Toledo Bend Reservoir | C10: Texas | D10: USA | E10: 636.72 | F10: =COUNTIF('Subset_step2_activity>100'!$R$2:$R$448,B10) -> 1
A11: Lake / Lago / Lac | B11: Upper Klamath Lake | C11: Oregon | D11: USA | E11: 228.505 | F11: =COUNTIF('Subset_step2_activity>100'!$R$2:$R$448,B11) -> 20
A12: Lake / Lago / Lac | B12: Lake George | C12: Florida | D12: USA | E12: 214.29 | F12: =COUNTIF('Subset_step2_activity>100'!$R$2:$R$448,B12) -> 1
A13: Reservoir / Embalse / Reservoir | B13: Richland Chambers Reservoir | C13: Texas | D13: USA | E13: 169.144 | F13: =COUNTIF('Subset_step2_activity>100'!$R$2:$R$448,B13) -> 3
A14: Lake / Lago / Lac | B14: Clear Lake | C14: California | D14: USA | E14: 159.102 | F14: =COUNTIF('Subset_step2_activity>100'!$R$2:$R$448,B14) -> 1
A15: Lake / Lago / Lac | B15: Lake Tawakoni | C15: Texas | D15: USA | E15: 146.791 | F15: =COUNTIF('Subset_step2_activity>100'!$R$2:$R$448,B15) -> 1
A16: Lake / Lago / Lac | B16: Walker Lake | C16: Nevada | D16: USA | E16: 142.54 | F16: =COUNTIF('Subset_step2_activity>100'!$R$2:$R$448,B16) -> 4
... A21: Reservoir / Embalse / Reservoir | B21: Cascade Reservoir | C21: Idaho | D21: USA | E21: 105.286 | F21: =COUNTIF('Subset_step2_activity>100'!$R$2:$R$448,B21) -> 2
